<Ui xmlns="http://www.blizzard.com/wow/ui/" xmlns:xsi="http://www.w3.org/2001/XMLSchema-instance" xsi:schemaLocation="http://www.blizzard.com/wow/ui/
..\FrameXML\UI.xsd">

<Script file="Vexie.lua"/>
<Script file="Cauldron.lua"/>
<Script file="Rik.lua"/>
<Script file="Stix.lua"/>
<Script file="Lockenstock.lua"/>
<Script file="Bandit.lua"/>
<Script file="MugZee.lua"/>
<Script file="Gallywix.lua"/>
<!--<Script file="Trash.lua"/>-->

<Include file="Locales\locales.xml"/>
<Script file="!Options.lua"/>

</Ui>
