<Ui>
  <Frame name="AuctionatorGroupsViewTemplate" virtual="true" parentKey="View" mixin="AuctionatorGroupsViewMixin">
    <Scripts>
      <OnLoad method="OnLoad"/>
      <OnShow method="OnShow"/>
      <OnHide method="OnHide"/>
    </Scripts>
    <KeyValues>
      <KeyValue key="itemTemplate" value="AuctionatorGroupsViewItemTemplate" type="string" />
      <KeyValue key="groupTemplate" value="AuctionatorGroupsViewGroupTemplate" type="string" />
      <KeyValue key="groupInsetX" value="0" type="number" />
      <KeyValue key="clickEventName" value="BagItemClicked" type="string" />
      <KeyValue key="completeEventName" value="ViewComplete" type="string" />
      <KeyValue key="hideHiddenItems" value="false" type="boolean" />
    </KeyValues>
    <Frames>
      <EventFrame parentKey="ScrollBar" inherits="WowTrimScrollBar">
        <Anchors>
          <Anchor point="TOPRIGHT"/>
          <Anchor point="BOTTOMRIGHT"/>
        </Anchors>
      </EventFrame>
      <Frame inherits="WowScrollBox" parentKey="ScrollBox">
        <Anchors>
            <Anchor point="TOPLEFT"/>
            <Anchor point="BOTTOMRIGHT" relativeKey="$parent.ScrollBar" relativePoint="BOTTOMLEFT" y="3"/>
        </Anchors>
        <Frames>
          <Frame parentKey="ItemListingFrame">
            <KeyValues>
              <KeyValue key="scrollable" value="true" type="boolean" />
            </KeyValues>
          </Frame>
        </Frames>
      </Frame>
    </Frames>
  </Frame>
</Ui>
