<Ui xmlns="http://www.blizzard.com/wow/ui/">
  <Frame name="AuctionatorEnchantInfoFrameTemplate" mixin="AuctionatorEnchantInfoFrameMixin" frameLevel="3" virtual="true">
    <Size x="200" y="22"/>
    <Scripts>
      <OnLoad method="OnLoad"/>
      <OnEvent method="OnEvent"/>
    </Scripts>
    <Layers>
      <Layer level="OVERLAY">
        <FontString inherits="GameFontNormal" parentKey="Total" justifyH="LEFT" spacing="1.5">
          <Anchors>
            <Anchor point="TOPLEFT" relativePoint="TOPLEFT" />
          </Anchors>
        </FontString>
      </Layer>
    </Layers>
    <Frames>
      <Button parentKey="SearchButton" inherits="UIPanelDynamicResizeButtonTemplate" text="AUCTIONATOR_L_SEARCH">
        <Scripts>
          <OnClick>
            self:GetParent():SearchButtonClicked()
          </OnClick>
        </Scripts>
        <Anchors>
          <Anchor point="TOPLEFT" relativePoint="TOPRIGHT" x="-5" y="6"/>
        </Anchors>
      </Button>
    </Frames>
  </Frame>
</Ui>
