<Ui xmlns="http://www.blizzard.com/wow/ui/" xmlns:xsi="http://www.w3.org/2001/XMLSchema-instance" xsi:schemaLocation="http://www.blizzard.com/wow/ui/ https://raw.githubusercontent.com/Meorawr/wow-ui-schema/main/UI.xsd">
	<Script file="LibStub\LibStub.lua"/>
	<Script file="CallbackHandler-1.0\CallbackHandler-1.0.lua"/>
	<Include file="AceDB-3.0\AceDB-3.0.xml"/>
	<Include file="AceComm-3.0\AceComm-3.0.xml"/>
	<Script file="LibDialog-1.0\LibDialog-1.0.lua"/>
	<Script file="LibDataBroker-1.1\LibDataBroker-1.1.lua"/>
	<Script file="LibSharedMedia-3.0\LibSharedMedia-3.0.lua"/>
	<Include file="LibBabble-Boss-3.0\lib.xml"/>
	<Include file="LibBabble-ItemSet-3.0\lib.xml"/>
	<Include file="LibBabble-Faction-3.0\lib.xml"/>
	<Script file="LibDBIcon-1.0\LibDBIcon-1.0.lua"/>
	<Include file="Krowi_WorldMapButtons\Krowi_WorldMapButtons-1.4.xml"/>
</Ui>
