<Ui xmlns="http://www.blizzard.com/wow/ui/" xmlns:xsi="http://www.w3.org/2001/XMLSchema-instance" xsi:schemaLocation="http://www.blizzard.com/wow/ui/
..\FrameXML\UI.xsd">
<Include file="Libs\AceGUI-3.0\AceGUI-3.0.xml"/>
<Include file="Libs\AceGUIWidget-SharedDropdown.lua"/>
<Include file="Libs\AceConfigRegistry-3.0\AceConfigRegistry-3.0.xml"/>
<Include file="Libs\AceConfigDialog-3.0\AceConfigDialog-3.0.xml"/>
<Include file="Libs\AceDBOptions-3.0\AceDBOptions-3.0.xml"/>
<Include file="Libs\LibDDI-1.0\lib.xml"/>
<Script file="Libs\LibDeflate\LibDeflate.lua"/>
<Script file="Libs\LibSerialize\LibSerialize.lua"/>
</Ui>

