<Ui xmlns="http://www.blizzard.com/wow/ui/"
    xmlns:xsi="http://www.w3.org/2001/XMLSchema-instance"
    xsi:schemaLocation="http://www.blizzard.com/wow/ui/ ..\FrameXML\UI.xsd">

  <Script file="HealBot_Init.lua" />
  <Script file="HealBot_Util.lua" />
  <Script file="HealBot_Aura.lua" />
  <Script file="HealBot_Aux.lua" />
  <Script file="HealBot_Debug.lua" />
  <Script file="HealBot_Skins.lua" />
  <Script file="HealBot_Panel.lua" />
  <Script file="HealBot_Aggro.lua" />
  <Script file="HealBot_Text.lua" />
  <Script file="HealBot_Mounts.lua" />
  <Script file="HealBot_Update.lua" />
  <Script file="HealBot_Events.lua" />
  <Script file="HealBot.lua" />

  <!-- Comment Syntax -->


  <StatusBar name="HealBot_StatusBar" virtual="true" hidden="false">
    <Size>
      <AbsDimension y="18"/>
    </Size>
    <Layers>
    <Layer level="ARTWORK">
      <FontString name="$parent_text" inherits="GameFontNormalSmall" />
      <FontString name="$parent_text2" inherits="GameFontNormalSmall" />
      <FontString name="$parent_text3" inherits="GameFontNormalSmall" />
      <FontString name="$parent_text4" inherits="GameFontNormalSmall" />
      <FontString name="$parent_text5" inherits="GameFontNormalSmall" />
    </Layer>
    </Layers>
    <BarTexture file="Interface\TargetingFrame\UI-StatusBar"/>
  </StatusBar>


  <Frame name="HealBot" parent="UIParent" inherits="SecureFrameTemplate">
    <Scripts>
      <OnLoad>
        HealBot_OnLoad(self);
      </OnLoad>
      <OnEvent>
        HealBot_OnEvent(self,event,...);
      </OnEvent>
    </Scripts>
  </Frame>

  <GameTooltip name="HealBot_ScanTooltip" frameStrata="TOOLTIP" hidden="true" parent="UIParent" inherits="GameTooltipTemplate" />
  <GameTooltip name="HealBot_GameTooltip" frameStrata="TOOLTIP" hidden="true" parent="UIParent" inherits="GameTooltipTemplate" />
</Ui>
