<Ui xmlns="http://www.blizzard.com/wow/ui/" xmlns:xsi="http://www.w3.org/2001/XMLSchema-instance" xsi:schemaLocation="http://www.blizzard.com/wow/ui/ https://raw.githubusercontent.com/Meorawr/wow-ui-schema/main/UI.xsd">
	<Script file="WorldMapIntegration.lua"/>

	<Button name="AtlasLootWorldMapButtonTemplate" frameStrata="HIGH" mixin="AtlasLootWorldMapButtonMixin" hidden="true" virtual="true" toplevel="true">
		<Size x="32" y="32"/>
		<Layers>
			<Layer level="BACKGROUND">
				<Texture parentKey="Background" file="Interface\Minimap\UI-Minimap-Background">
					<Size x="25" y="25"/>
					<Anchors>
						<Anchor point="TOPLEFT" x="2" y="-4"/>
					</Anchors>
				</Texture>
			</Layer>
			<Layer level="ARTWORK">
				<Texture parentKey="Icon" file="Interface\Icons\INV_Box_01">
					<Size x="20" y="20"/>
					<Anchors>
						<Anchor point="TOPLEFT" x="6" y="-6"/>
					</Anchors>
				</Texture>
			</Layer>
			<Layer level="OVERLAY">
				<Texture parentKey="Border" file="Interface\Minimap\MiniMap-TrackingBorder">
					<Size x="54" y="54"/>
					<Anchors>
						<Anchor point="TOPLEFT"/>
					</Anchors>
				</Texture>
			</Layer>
		</Layers>
		<HighlightTexture name="$parentHightlight" file="Interface\Minimap\UI-Minimap-ZoomButton-Highlight" alphaMode="ADD" />
		<Scripts>
			<OnLoad method="OnLoad"/>
			<OnEnter method="OnEnter"/>
			<OnLeave method="OnLeave"/>
			<OnClick method="OnClick"/>
		</Scripts>
	</Button>
</Ui>
