<Ui xmlns="http://www.blizzard.com/wow/ui/" xmlns:xsi="http://www.w3.org/2001/XMLSchema-instance" xsi:schemaLocation="http://www.blizzard.com/wow/ui/
..\FrameXML\UI.xsd">

<Script file="AltPower.lua"/>
<Script file="AutoReply.lua"/>
<Script file="Colors.lua"/>
<Script file="Sound.lua"/>
<Script file="Messages.lua"/>
<Script file="BarStyles.lua"/>
<Script file="Bars.lua"/>
<Script file="Nameplates.lua"/>
<Script file="BossBlock.lua"/>
<Script file="InfoBox.lua"/>
<Script file="RaidIcon.lua"/>
<Script file="Proximity.lua"/>
<Script file="Flash.lua"/>
<Script file="Countdown.lua"/>
<Script file="Pull.lua"/>
<Script file="Break.lua"/>
<Script file="Statistics.lua"/>
<Script file="Victory.lua"/>
<Script file="Wipe.lua"/>

</Ui>
