<Ui xmlns="http://www.blizzard.com/wow/ui/"   xmlns:xsi="http://www.w3.org/2001/XMLSchema-instance"   xsi:schemaLocation="http://www.blizzard.com/wow/ui/">

	<!-- Options tabs -->
	<Include file="RSGeneralOptions.lua"/>
	<Include file="RSSoundOptions.lua"/>
	<Include file="RSDisplayOptions.lua"/>
	<Include file="RSCustomNpcsOptions.lua"/>
	<Include file="RSNpcFiltersOptions.lua"/>
	<Include file="RSContainerFiltersOptions.lua"/>
	<Include file="RSEventFiltersOptions.lua"/>
	<Include file="RSZoneFiltersOptions.lua"/>
	<Include file="RSLootOptions.lua"/>
	<Include file="RSMapOptions.lua"/>
	<Include file="RSChatOptions.lua"/>
	
	<!-- Options -->
	<Include file="RSOptions.lua"/>
	
</Ui>