<Ui>
	<Script file="base.lua"/>
	<Script file="parented.lua"/>
	<Script file="tipped.lua"/>

	<Script file="item.lua"/>
	<Script file="itemGroup.lua"/>
	<Script file="bag.lua"/>
	<Script file="bagGroup.lua"/>
	<Script file="tab.lua"/>
	<Script file="tabGroup.lua"/>

	<Script file="offlineSelector.lua"/>
	<Script file="sortButton.lua"/>

	<Script file="currency.lua"/>
	<Script file="currencyTracker.lua"/>
	<Script file="brokerCarrousel.lua"/>
	<Script file="playerMoney.lua"/>

	<Script file="frameBase.lua"/>
</Ui>
