<Ui xmlns="http://www.blizzard.com/wow/ui/">
  <Frame
    name="AuctionatorCancellingTabFrameTemplate"
    inherits="AuctionatorCancellingTabFrameNoRefreshTemplate"
    virtual="true"
  >
    <Frames>
      <Button inherits="RefreshButtonTemplate">
        <Anchors>
            <Anchor point="TOPLEFT" relativePoint="TOPRIGHT" relativeKey="$parent" x="-44" y="-38"/>
        </Anchors>
        <Scripts>
          <OnClick>
            self:GetParent():RefreshButtonClicked()
          </OnClick>
        </Scripts>
      </Button>
    </Frames>
  </Frame>
</Ui>
