<Ui xsi:schemaLocation="http://www.blizzard.com/wow/ui/ ..\FrameXML\UI.xsd">
  <Script file="libs\LibStub.lua"/>
  <Include file="libs\CallbackHandler-1.0\CallbackHandler-1.0.xml"/>
  <Include file="libs\AceAddon-3.0\AceAddon-3.0.xml"/>
  <Include file="libs\AceBucket-3.0\AceBucket-3.0.xml"/>
  <Include file="libs\AceConsole-3.0\AceConsole-3.0.xml"/>
  <Include file="libs\AceDB-3.0\AceDB-3.0.xml"/>
  <Include file="libs\AceDBOptions-3.0\AceDBOptions-3.0.xml"/>
  <Include file="libs\AceEvent-3.0\AceEvent-3.0.xml"/>
  <Include file="libs\AceTimer-3.0\AceTimer-3.0.xml"/>
  <Include file="libs\Krowi_WorldMapButtons-1.4\Krowi_WorldMapButtons-1.4.xml"/>
  <Include file="libs\LibUIDropDownMenu\LibUIDropDownMenu.xml"/>
</Ui>
