<Ui xmlns="http://www.blizzard.com/wow/ui/"   xmlns:xsi="http://www.w3.org/2001/XMLSchema-instance"   xsi:schemaLocation="http://www.blizzard.com/wow/ui/">

	<!-- Plugins -->
	<Include file="Plugins\LootPlugin\RSLootTemplate.xml"/>
	<!-- <Include file="Plugins\NavPlugin\RSNavigationTemplate.xml"/> -->
	<Include file="Plugins\MapPlugin\RSEntityPinTemplate.xml"/>
	<Include file="Plugins\MapPlugin\RSGroupPinTemplate.xml"/>
	<Include file="Plugins\MapPlugin\RSOverlayTemplate.xml"/>
	<Include file="Plugins\MapPlugin\RSMinimapPinTemplate.xml"/>
	<Include file="Plugins\MapPlugin\RSGuideTemplate.xml"/>
	<Include file="Plugins\MapPlugin\RSWorldMapButtonTemplate.xml"/>
	<Include file="Plugins\MapPlugin\RSVignettePinTemplate.xml"/>
	<Include file="Plugins\MapPlugin\RSVignettePinPOIButtonTemplate.xml"/>
	<Include file="Plugins\MapPlugin\RSFyrakkFlightVignettePinTemplate.xml"/>
	<Include file="Plugins\SearchPlugin\RSSearchTemplate.xml"/>
	<Include file="Plugins\ExplorerPlugin\RSExplorerLootTemplate.xml"/>
	<Include file="Plugins\ExplorerPlugin\RSExplorerListTemplate.xml"/>
	<Include file="Plugins\ExplorerPlugin\RSExplorerTemplate.xml"/>
		
	<!-- Addon compartment -->
	<Include file="Service/RSAddonCompartment.lua"/>
		
	<!-- Internal libraries (with dependencies of the previous) -->
	<Include file="SpecialEvents\ShadowlandsPrePatch.lua"/>
	
</Ui>